month_start,year,month,month_name,hourly_observations,expected_hours,coverage_pct,pm25_mean,pm25_median,pm25_min,pm25_max,aqi_mean,aqi_median,aqi_min,aqi_max,is_partial_month,population_total,urban_population,rural_population,urban_share_pct,rural_share_pct,hdi,poverty_rate_pct,source_notes,norm_wind,norm_rain,season
2017-01-01,2017,1,January,744,744,1.0,176.36,177.37,73.01,250.0,229.08,226.9,159.23,299.6,False,162149117,59054708,103094408,0.3641999974628292,0.635799996370008,0.622,24.3,Annual context values repeated across months in the same year. | Uploaded workbook: /mnt/data/AIDS_BD_2000_2024.xlsx,0.39014374,0.0,Winter
2017-02-01,2017,2,February,672,672,1.0,175.32,176.26,92.84,250.0,228.22,225.78,169.67,299.6,False,162149117,59054708,103094408,0.3641999974628292,0.635799996370008,0.622,24.3,Annual context values repeated across months in the same year. | Uploaded workbook: /mnt/data/AIDS_BD_2000_2024.xlsx,0.39219713,0.00347977,Winter
2017-03-01,2017,3,March,744,744,1.0,117.3,117.16,41.21,186.93,183.15,182.49,114.34,236.46,False,162149117,59054708,103094408,0.3641999974628292,0.635799996370008,0.622,24.3,Annual context values repeated across months in the same year. | Uploaded workbook: /mnt/data/AIDS_BD_2000_2024.xlsx,0.50924025,0.17137886,Pre-monsoon
2017-04-01,2017,4,April,720,720,1.0,117.53,117.64,48.68,196.15,183.39,182.74,133.12,245.7,False,162149117,59054708,103094408,0.3641999974628292,0.635799996370008,0.622,24.3,Annual context values repeated across months in the same year. | Uploaded workbook: /mnt/data/AIDS_BD_2000_2024.xlsx,0.78234086,0.39060461,Pre-monsoon
2017-05-01,2017,5,May,744,744,1.0,116.87,117.35,42.54,193.07,182.94,182.59,117.69,242.62,False,162149117,59054708,103094408,0.3641999974628292,0.635799996370008,0.622,24.3,Annual context values repeated across months in the same year. | Uploaded workbook: /mnt/data/AIDS_BD_2000_2024.xlsx,0.59753593,0.32187908,Pre-monsoon
2017-06-01,2017,6,June,720,720,1.0,116.32,115.75,46.44,189.64,182.69,181.75,127.48,239.18,False,162149117,59054708,103094408,0.3641999974628292,0.635799996370008,0.622,24.3,Annual context values repeated across months in the same year. | Uploaded workbook: /mnt/data/AIDS_BD_2000_2024.xlsx,0.70841889,0.70900391,Monsoon
2017-07-01,2017,7,July,744,744,1.0,117.6,118.05,49.15,198.15,183.34,182.95,134.29,247.7,False,162149117,59054708,103094408,0.3641999974628292,0.635799996370008,0.622,24.3,Annual context values repeated across months in the same year. | Uploaded workbook: /mnt/data/AIDS_BD_2000_2024.xlsx,0.64271047,1.0,Monsoon
2017-08-01,2017,8,August,744,744,1.0,116.99,117.34,48.33,186.61,183.0,182.58,132.23,236.15,False,162149117,59054708,103094408,0.3641999974628292,0.635799996370008,0.622,24.3,Annual context values repeated across months in the same year. | Uploaded workbook: /mnt/data/AIDS_BD_2000_2024.xlsx,0.58932238,0.93170944,Monsoon
2017-09-01,2017,9,September,720,720,1.0,117.84,119.06,46.45,189.94,183.58,183.49,127.5,239.48,False,162149117,59054708,103094408,0.3641999974628292,0.635799996370008,0.622,24.3,Annual context values repeated across months in the same year. | Uploaded workbook: /mnt/data/AIDS_BD_2000_2024.xlsx,0.51334702,0.65245759,Monsoon
2017-10-01,2017,10,October,744,744,1.0,116.11,114.78,38.37,180.93,182.52,181.23,107.2,230.46,False,162149117,59054708,103094408,0.3641999974628292,0.635799996370008,0.622,24.3,Annual context values repeated across months in the same year. | Uploaded workbook: /mnt/data/AIDS_BD_2000_2024.xlsx,0.45379877,0.70552414,Post-monsoon
2017-11-01,2017,11,November,720,720,1.0,117.27,116.23,46.89,203.6,183.3,182.0,128.61,253.16,False,162149117,59054708,103094408,0.3641999974628292,0.635799996370008,0.622,24.3,Annual context values repeated across months in the same year. | Uploaded workbook: /mnt/data/AIDS_BD_2000_2024.xlsx,0.3100616,0.01043932,Post-monsoon
2017-12-01,2017,12,December,744,744,1.0,175.05,173.95,83.35,250.0,228.01,223.47,164.67,299.6,False,162149117,59054708,103094408,0.3641999974628292,0.635799996370008,0.622,24.3,Annual context values repeated across months in the same year. | Uploaded workbook: /mnt/data/AIDS_BD_2000_2024.xlsx,0.34907598,0.05654632,Winter
2018-01-01,2018,1,January,744,744,1.0,184.94,185.74,85.23,250.0,236.62,235.27,165.67,299.6,False,163532086,60964761,102567324,0.3727999959592028,0.6271999979257893,0.635,21.8,Annual context values repeated across months in the same year. | Uploaded workbook: /mnt/data/AIDS_BD_2000_2024.xlsx,0.41273101,0.0,Winter
2018-02-01,2018,2,February,672,672,1.0,184.46,186.1,92.6,250.0,236.14,235.64,169.54,299.6,False,163532086,60964761,102567324,0.3727999959592028,0.6271999979257893,0.635,21.8,Annual context values repeated across months in the same year. | Uploaded workbook: /mnt/data/AIDS_BD_2000_2024.xlsx,0.38398357,0.03436277,Winter
2018-03-01,2018,3,March,744,744,1.0,123.1,123.36,48.83,191.16,187.06,185.75,133.5,240.7,False,163532086,60964761,102567324,0.3727999959592028,0.6271999979257893,0.635,21.8,Annual context values repeated across months in the same year. | Uploaded workbook: /mnt/data/AIDS_BD_2000_2024.xlsx,0.52361396,0.00521966,Pre-monsoon
2018-04-01,2018,4,April,720,720,1.0,122.17,123.42,40.37,186.91,186.23,185.79,112.23,236.44,False,163532086,60964761,102567324,0.3727999959592028,0.6271999979257893,0.635,21.8,Annual context values repeated across months in the same year. | Uploaded workbook: /mnt/data/AIDS_BD_2000_2024.xlsx,0.63655031,0.52936059,Pre-monsoon
2018-05-01,2018,5,May,744,744,1.0,122.84,121.03,44.05,195.26,186.75,184.53,121.49,244.8,False,163532086,60964761,102567324,0.3727999959592028,0.6271999979257893,0.635,21.8,Annual context values repeated across months in the same year. | Uploaded workbook: /mnt/data/AIDS_BD_2000_2024.xlsx,0.70841889,0.67116137,Pre-monsoon
2018-06-01,2018,6,June,720,720,1.0,122.24,122.88,37.21,196.72,186.27,185.5,104.29,246.27,False,163532086,60964761,102567324,0.3727999959592028,0.6271999979257893,0.635,21.8,Annual context values repeated across months in the same year. | Uploaded workbook: /mnt/data/AIDS_BD_2000_2024.xlsx,0.70841889,0.62679426,Monsoon
2018-07-01,2018,7,July,744,744,1.0,123.9,124.27,35.55,195.5,187.31,186.23,100.12,245.05,False,163532086,60964761,102567324,0.3727999959592028,0.6271999979257893,0.635,21.8,Annual context values repeated across months in the same year. | Uploaded workbook: /mnt/data/AIDS_BD_2000_2024.xlsx,0.80287474,0.60635059,Monsoon
2018-08-01,2018,8,August,744,744,1.0,123.69,123.78,49.17,198.97,187.19,185.98,134.33,248.51,False,163532086,60964761,102567324,0.3727999959592028,0.6271999979257893,0.635,21.8,Annual context values repeated across months in the same year. | Uploaded workbook: /mnt/data/AIDS_BD_2000_2024.xlsx,0.77823409,0.24140931,Monsoon
2018-09-01,2018,9,September,720,720,1.0,123.11,122.65,46.49,201.04,186.93,185.38,127.6,250.59,False,163532086,60964761,102567324,0.3727999959592028,0.6271999979257893,0.635,21.8,Annual context values repeated across months in the same year. | Uploaded workbook: /mnt/data/AIDS_BD_2000_2024.xlsx,0.61806982,0.13005655,Monsoon
2018-10-01,2018,10,October,744,744,1.0,122.39,123.27,42.83,186.5,186.27,185.71,118.41,236.03,False,163532086,60964761,102567324,0.3727999959592028,0.6271999979257893,0.635,21.8,Annual context values repeated across months in the same year. | Uploaded workbook: /mnt/data/AIDS_BD_2000_2024.xlsx,0.42915811,0.07699,Post-monsoon
2018-11-01,2018,11,November,720,720,1.0,123.85,125.76,59.13,193.47,187.27,187.02,151.91,243.02,False,163532086,60964761,102567324,0.3727999959592028,0.6271999979257893,0.635,21.8,Annual context values repeated across months in the same year. | Uploaded workbook: /mnt/data/AIDS_BD_2000_2024.xlsx,0.30595483,0.02218356,Post-monsoon
2018-12-01,2018,12,December,744,744,1.0,184.22,183.55,97.9,250.0,236.18,233.09,172.34,299.6,False,163532086,60964761,102567324,0.3727999959592028,0.6271999979257893,0.635,21.8,Annual context values repeated across months in the same year. | Uploaded workbook: /mnt/data/AIDS_BD_2000_2024.xlsx,0.38603696,0.02218356,Winter
2019-01-01,2019,1,January,744,744,1.0,193.23,195.54,84.98,250.0,244.28,245.09,165.53,299.6,False,164915055,62898601,102016453,0.3813999940757379,0.6185999998605343,0.644,20.5,Annual context values repeated across months in the same year. | Uploaded workbook: /mnt/data/AIDS_BD_2000_2024.xlsx,0.35934292,0.00173989,Winter
2019-02-01,2019,2,February,672,672,1.0,193.19,193.27,108.11,250.0,244.12,242.81,177.72,299.6,False,164915055,62898601,102016453,0.3813999940757379,0.6185999998605343,0.644,20.5,Annual context values repeated across months in the same year. | Uploaded workbook: /mnt/data/AIDS_BD_2000_2024.xlsx,0.43942505,0.19704219,Winter
2019-03-01,2019,3,March,744,744,1.0,129.27,129.68,55.36,198.2,191.11,189.08,149.9,247.75,False,164915055,62898601,102016453,0.3813999940757379,0.6185999998605343,0.644,20.5,Annual context values repeated across months in the same year. | Uploaded workbook: /mnt/data/AIDS_BD_2000_2024.xlsx,0.47843943,0.06698565,Pre-monsoon
2019-04-01,2019,4,April,720,720,1.0,129.31,131.42,53.47,204.98,191.28,190.0,145.14,254.54,False,164915055,62898601,102016453,0.3813999940757379,0.6185999998605343,0.644,20.5,Annual context values repeated across months in the same year. | Uploaded workbook: /mnt/data/AIDS_BD_2000_2024.xlsx,0.6386037,0.36320139,Pre-monsoon
2019-05-01,2019,5,May,744,744,1.0,129.76,128.34,56.33,197.74,191.51,188.38,150.44,247.28,False,164915055,62898601,102016453,0.3813999940757379,0.6185999998605343,0.644,20.5,Annual context values repeated across months in the same year. | Uploaded workbook: /mnt/data/AIDS_BD_2000_2024.xlsx,0.85626283,0.3953893,Pre-monsoon
2019-06-01,2019,6,June,720,720,1.0,129.45,131.5,44.8,203.17,191.24,190.04,123.36,252.73,False,164915055,62898601,102016453,0.3813999940757379,0.6185999998605343,0.644,20.5,Annual context values repeated across months in the same year. | Uploaded workbook: /mnt/data/AIDS_BD_2000_2024.xlsx,0.71047228,0.41452806,Monsoon
2019-07-01,2019,7,July,744,744,1.0,129.83,131.16,46.27,208.66,191.32,189.86,127.06,258.22,False,164915055,62898601,102016453,0.3813999940757379,0.6185999998605343,0.644,20.5,Annual context values repeated across months in the same year. | Uploaded workbook: /mnt/data/AIDS_BD_2000_2024.xlsx,0.81314168,0.65593736,Monsoon
2019-08-01,2019,8,August,744,744,1.0,129.6,130.57,47.4,204.27,191.29,189.55,129.89,253.82,False,164915055,62898601,102016453,0.3813999940757379,0.6185999998605343,0.644,20.5,Annual context values repeated across months in the same year. | Uploaded workbook: /mnt/data/AIDS_BD_2000_2024.xlsx,0.73305955,0.38190518,Monsoon
2019-09-01,2019,9,September,720,720,1.0,129.65,129.59,58.3,205.1,191.22,189.04,151.48,254.66,False,164915055,62898601,102016453,0.3813999940757379,0.6185999998605343,0.644,20.5,Annual context values repeated across months in the same year. | Uploaded workbook: /mnt/data/AIDS_BD_2000_2024.xlsx,0.60780287,0.27577207,Monsoon
2019-10-01,2019,10,October,744,744,1.0,129.42,127.83,60.68,208.39,191.41,188.11,152.73,257.95,False,164915055,62898601,102016453,0.3813999940757379,0.6185999998605343,0.644,20.5,Annual context values repeated across months in the same year. | Uploaded workbook: /mnt/data/AIDS_BD_2000_2024.xlsx,0.43531828,0.32187908,Post-monsoon
2019-11-01,2019,11,November,720,720,1.0,129.61,131.01,54.06,209.59,191.37,189.79,146.65,259.15,False,164915055,62898601,102016453,0.3813999940757379,0.6185999998605343,0.644,20.5,Annual context values repeated across months in the same year. | Uploaded workbook: /mnt/data/AIDS_BD_2000_2024.xlsx,0.28131417,0.06350587,Post-monsoon
2019-12-01,2019,12,December,744,744,1.0,193.16,193.0,99.77,250.0,244.09,242.54,173.32,299.6,False,164915055,62898601,102016453,0.3813999940757379,0.6185999998605343,0.644,20.5,Annual context values repeated across months in the same year. | Uploaded workbook: /mnt/data/AIDS_BD_2000_2024.xlsx,0.32648871,0.00869943,Winter
2020-01-01,2020,1,January,744,744,1.0,201.12,203.8,112.4,250.0,251.47,253.35,179.98,299.6,False,166298024,64856229,101441794,0.3899999978352118,0.6099999961514877,0.655,18.7,Annual context values repeated across months in the same year. | Uploaded workbook: /mnt/data/AIDS_BD_2000_2024.xlsx,0.30595483,0.03610265,Winter
2020-02-01,2020,2,February,696,696,1.0,201.23,203.18,106.69,250.0,251.57,252.73,176.97,299.6,False,166298024,64856229,101441794,0.3899999978352118,0.6099999961514877,0.655,18.7,Annual context values repeated across months in the same year. | Uploaded workbook: /mnt/data/AIDS_BD_2000_2024.xlsx,0.37371663,0.00173989,Winter
2020-03-01,2020,3,March,744,744,1.0,135.62,135.68,54.5,214.64,195.62,192.25,147.75,264.2,False,166298024,64856229,101441794,0.3899999978352118,0.6099999961514877,0.655,18.7,Annual context values repeated across months in the same year. | Uploaded workbook: /mnt/data/AIDS_BD_2000_2024.xlsx,0.39835729,0.05132666,Pre-monsoon
2020-04-01,2020,4,April,720,720,1.0,136.42,136.41,65.33,218.03,196.2,192.63,155.18,267.6,False,166298024,64856229,101441794,0.3899999978352118,0.6099999961514877,0.655,18.7,Annual context values repeated across months in the same year. | Uploaded workbook: /mnt/data/AIDS_BD_2000_2024.xlsx,0.54620123,0.21748586,Pre-monsoon
2020-05-01,2020,5,May,744,744,1.0,136.64,138.16,56.42,209.4,196.51,193.55,150.49,258.96,False,166298024,64856229,101441794,0.3899999978352118,0.6099999961514877,0.655,18.7,Annual context values repeated across months in the same year. | Uploaded workbook: /mnt/data/AIDS_BD_2000_2024.xlsx,0.67967146,0.5154415,Pre-monsoon
2020-06-01,2020,6,June,720,720,1.0,136.13,135.5,62.05,211.83,195.98,192.15,153.45,261.4,False,166298024,64856229,101441794,0.3899999978352118,0.6099999961514877,0.655,18.7,Annual context values repeated across months in the same year. | Uploaded workbook: /mnt/data/AIDS_BD_2000_2024.xlsx,0.75154004,0.46411483,Monsoon
2020-07-01,2020,7,July,744,744,1.0,136.78,136.48,65.52,211.92,196.48,192.66,155.28,261.48,False,166298024,64856229,101441794,0.3899999978352118,0.6099999961514877,0.655,18.7,Annual context values repeated across months in the same year. | Uploaded workbook: /mnt/data/AIDS_BD_2000_2024.xlsx,0.77207392,0.69204002,Monsoon
2020-08-01,2020,8,August,744,744,1.0,136.18,136.46,58.81,217.52,196.15,192.66,151.74,267.09,False,166298024,64856229,101441794,0.3899999978352118,0.6099999961514877,0.655,18.7,Annual context values repeated across months in the same year. | Uploaded workbook: /mnt/data/AIDS_BD_2000_2024.xlsx,0.69609856,0.48803828,Monsoon
2020-09-01,2020,9,September,720,720,1.0,135.77,137.29,50.72,215.56,195.66,193.09,138.25,265.13,False,166298024,64856229,101441794,0.3899999978352118,0.6099999961514877,0.655,18.7,Annual context values repeated across months in the same year. | Uploaded workbook: /mnt/data/AIDS_BD_2000_2024.xlsx,0.55646817,0.23966942,Monsoon
2020-10-01,2020,10,October,744,744,1.0,135.08,135.99,52.88,208.06,195.24,192.41,143.66,257.62,False,166298024,64856229,101441794,0.3899999978352118,0.6099999961514877,0.655,18.7,Annual context values repeated across months in the same year. | Uploaded workbook: /mnt/data/AIDS_BD_2000_2024.xlsx,0.26488706,0.51370161,Post-monsoon
2020-11-01,2020,11,November,720,720,1.0,135.9,135.79,49.42,217.27,195.88,192.3,134.97,266.84,False,166298024,64856229,101441794,0.3899999978352118,0.6099999961514877,0.655,18.7,Annual context values repeated across months in the same year. | Uploaded workbook: /mnt/data/AIDS_BD_2000_2024.xlsx,0.22176591,0.06829056,Post-monsoon
2020-12-01,2020,12,December,744,744,1.0,199.94,203.32,95.62,250.0,250.39,252.87,171.14,299.6,False,166298024,64856229,101441794,0.3899999978352118,0.6099999961514877,0.655,18.7,Annual context values repeated across months in the same year. | Uploaded workbook: /mnt/data/AIDS_BD_2000_2024.xlsx,0.23203285,0.0,Winter
2021-01-01,2021,1,January,744,744,1.0,207.53,214.55,119.6,250.0,257.64,264.12,183.77,299.6,False,167841460,66800901,101040559,0.3979999995233597,0.6020000004766403,0.661,12.92,Annual context values repeated across months in the same year. | Uploaded workbook: /mnt/data/AIDS_BD_2000_2024.xlsx,0.26488706,0.0,Winter
2021-02-01,2021,2,February,672,672,1.0,206.97,214.59,115.78,250.0,257.14,264.15,181.76,299.6,False,167841460,66800901,101040559,0.3979999995233597,0.6020000004766403,0.661,12.92,Annual context values repeated across months in the same year. | Uploaded workbook: /mnt/data/AIDS_BD_2000_2024.xlsx,0.28747433,0.0,Winter
2021-03-01,2021,3,March,744,744,1.0,142.9,143.04,73.06,219.34,201.14,196.12,159.25,268.91,False,167841460,66800901,101040559,0.3979999995233597,0.6020000004766403,0.661,12.92,Annual context values repeated across months in the same year. | Uploaded workbook: /mnt/data/AIDS_BD_2000_2024.xlsx,0.46406571,0.00521966,Pre-monsoon
2021-04-01,2021,4,April,720,720,1.0,142.34,140.58,51.45,221.56,200.97,194.82,140.08,271.13,False,167841460,66800901,101040559,0.3979999995233597,0.6020000004766403,0.661,12.92,Annual context values repeated across months in the same year. | Uploaded workbook: /mnt/data/AIDS_BD_2000_2024.xlsx,0.74948665,0.06698565,Pre-monsoon
2021-05-01,2021,5,May,744,744,1.0,142.36,141.0,64.35,228.53,201.02,195.05,154.66,278.11,False,167841460,66800901,101040559,0.3979999995233597,0.6020000004766403,0.661,12.92,Annual context values repeated across months in the same year. | Uploaded workbook: /mnt/data/AIDS_BD_2000_2024.xlsx,0.66529774,0.36972597,Pre-monsoon
2021-06-01,2021,6,June,720,720,1.0,141.12,138.62,67.95,221.82,199.94,193.79,156.56,271.39,False,167841460,66800901,101040559,0.3979999995233597,0.6020000004766403,0.661,12.92,Annual context values repeated across months in the same year. | Uploaded workbook: /mnt/data/AIDS_BD_2000_2024.xlsx,0.76180698,0.93518921,Monsoon
2021-07-01,2021,7,July,744,744,1.0,142.64,143.25,55.12,218.59,201.11,196.23,149.31,268.16,False,167841460,66800901,101040559,0.3979999995233597,0.6020000004766403,0.661,12.92,Annual context values repeated across months in the same year. | Uploaded workbook: /mnt/data/AIDS_BD_2000_2024.xlsx,0.67351129,0.57024793,Monsoon
2021-08-01,2021,8,August,744,744,1.0,142.18,142.06,51.69,229.14,200.68,195.61,140.69,278.72,False,167841460,66800901,101040559,0.3979999995233597,0.6020000004766403,0.661,12.92,Annual context values repeated across months in the same year. | Uploaded workbook: /mnt/data/AIDS_BD_2000_2024.xlsx,0.66735113,0.42627229,Monsoon
2021-09-01,2021,9,September,720,720,1.0,143.45,139.27,63.47,233.15,201.81,194.14,154.2,282.73,False,167841460,66800901,101040559,0.3979999995233597,0.6020000004766403,0.661,12.92,Annual context values repeated across months in the same year. | Uploaded workbook: /mnt/data/AIDS_BD_2000_2024.xlsx,0.46406571,0.24140931,Monsoon
2021-10-01,2021,10,October,744,744,1.0,142.84,141.75,62.77,216.01,201.35,195.44,153.83,265.58,False,167841460,66800901,101040559,0.3979999995233597,0.6020000004766403,0.661,12.92,Annual context values repeated across months in the same year. | Uploaded workbook: /mnt/data/AIDS_BD_2000_2024.xlsx,0.44558522,0.28447151,Post-monsoon
2021-11-01,2021,11,November,720,720,1.0,142.47,141.98,54.63,223.67,201.06,195.57,148.06,273.24,False,167841460,66800901,101040559,0.3979999995233597,0.6020000004766403,0.661,12.92,Annual context values repeated across months in the same year. | Uploaded workbook: /mnt/data/AIDS_BD_2000_2024.xlsx,0.18480493,0.046107,Post-monsoon
2021-12-01,2021,12,December,744,744,1.0,207.7,213.37,121.53,250.0,257.82,262.93,184.79,299.6,False,167841460,66800901,101040559,0.3979999995233597,0.6020000004766403,0.661,12.92,Annual context values repeated across months in the same year. | Uploaded workbook: /mnt/data/AIDS_BD_2000_2024.xlsx,0.24024641,0.26185298,Winter
2022-01-01,2022,1,January,744,744,1.0,213.41,222.84,129.76,250.0,263.21,272.41,189.13,299.6,False,169384897,68770268,100614628,0.405999998925524,0.5939999951707619,0.67,18.7,Annual context values repeated across months in the same year. | Uploaded workbook: /mnt/data/AIDS_BD_2000_2024.xlsx,,,Winter
2022-02-01,2022,2,February,672,672,1.0,213.41,224.95,129.61,250.0,263.2,274.53,189.04,299.6,False,169384897,68770268,100614628,0.405999998925524,0.5939999951707619,0.67,18.7,Annual context values repeated across months in the same year. | Uploaded workbook: /mnt/data/AIDS_BD_2000_2024.xlsx,,,Winter
2022-03-01,2022,3,March,744,744,1.0,148.97,148.01,74.55,234.97,206.07,198.74,160.04,284.55,False,169384897,68770268,100614628,0.405999998925524,0.5939999951707619,0.67,18.7,Annual context values repeated across months in the same year. | Uploaded workbook: /mnt/data/AIDS_BD_2000_2024.xlsx,,,Pre-monsoon
2022-04-01,2022,4,April,720,720,1.0,149.08,148.97,60.77,249.43,206.18,199.25,152.78,299.02,False,169384897,68770268,100614628,0.405999998925524,0.5939999951707619,0.67,18.7,Annual context values repeated across months in the same year. | Uploaded workbook: /mnt/data/AIDS_BD_2000_2024.xlsx,,,Pre-monsoon
2022-05-01,2022,5,May,744,744,1.0,150.24,149.27,73.68,230.41,206.8,199.4,159.58,279.99,False,169384897,68770268,100614628,0.405999998925524,0.5939999951707619,0.67,18.7,Annual context values repeated across months in the same year. | Uploaded workbook: /mnt/data/AIDS_BD_2000_2024.xlsx,,,Pre-monsoon
2022-06-01,2022,6,June,720,720,1.0,149.69,150.89,77.61,221.42,206.45,200.39,161.65,270.99,False,169384897,68770268,100614628,0.405999998925524,0.5939999951707619,0.67,18.7,Annual context values repeated across months in the same year. | Uploaded workbook: /mnt/data/AIDS_BD_2000_2024.xlsx,,,Monsoon
2022-07-01,2022,7,July,744,744,1.0,148.02,147.92,67.27,229.44,205.23,198.69,156.2,279.02,False,169384897,68770268,100614628,0.405999998925524,0.5939999951707619,0.67,18.7,Annual context values repeated across months in the same year. | Uploaded workbook: /mnt/data/AIDS_BD_2000_2024.xlsx,,,Monsoon
2022-08-01,2022,8,August,744,744,1.0,29.65,14.4,3.3,223.56,73.33,58.0,25.0,273.13,False,169384897,68770268,100614628,0.405999998925524,0.5939999951707619,0.67,18.7,Annual context values repeated across months in the same year. | Uploaded workbook: /mnt/data/AIDS_BD_2000_2024.xlsx,,,Monsoon
2022-09-01,2022,9,September,720,720,1.0,26.89,22.4,4.7,104.3,80.44,74.0,36.0,185.0,False,169384897,68770268,100614628,0.405999998925524,0.5939999951707619,0.67,18.7,Annual context values repeated across months in the same year. | Uploaded workbook: /mnt/data/AIDS_BD_2000_2024.xlsx,,,Monsoon
2022-10-01,2022,10,October,744,744,1.0,43.74,40.05,5.8,132.7,114.98,119.0,39.0,170.0,False,169384897,68770268,100614628,0.405999998925524,0.5939999951707619,0.67,18.7,Annual context values repeated across months in the same year. | Uploaded workbook: /mnt/data/AIDS_BD_2000_2024.xlsx,,,Post-monsoon
2022-11-01,2022,11,November,720,720,1.0,71.71,67.1,26.7,176.0,154.82,159.0,111.0,183.0,False,169384897,68770268,100614628,0.405999998925524,0.5939999951707619,0.67,18.7,Annual context values repeated across months in the same year. | Uploaded workbook: /mnt/data/AIDS_BD_2000_2024.xlsx,,,Post-monsoon
2022-12-01,2022,12,December,744,744,1.0,83.35,82.9,0.4,231.0,153.78,165.0,13.0,242.0,False,169384897,68770268,100614628,0.405999998925524,0.5939999951707619,0.67,18.7,Annual context values repeated across months in the same year. | Uploaded workbook: /mnt/data/AIDS_BD_2000_2024.xlsx,,,Winter
2023-01-01,2023,1,January,744,744,1.0,109.95,101.5,35.0,290.6,181.47,179.0,139.0,275.0,False,171466990,70815866,100651123,0.4129999949261371,0.5869999992418365,0.67,6.1,Annual context values repeated across months in the same year. | Uploaded workbook: /mnt/data/AIDS_BD_2000_2024.xlsx,,,Winter
2023-02-01,2023,2,February,672,672,1.0,72.6,65.9,23.3,166.2,154.53,159.0,99.0,178.0,False,171466990,70815866,100651123,0.4129999949261371,0.5869999992418365,0.67,6.1,Annual context values repeated across months in the same year. | Uploaded workbook: /mnt/data/AIDS_BD_2000_2024.xlsx,,,Winter
2023-03-01,2023,3,March,744,744,1.0,62.22,57.75,10.5,165.8,143.25,154.0,68.0,180.0,False,171466990,70815866,100651123,0.4129999949261371,0.5869999992418365,0.67,6.1,Annual context values repeated across months in the same year. | Uploaded workbook: /mnt/data/AIDS_BD_2000_2024.xlsx,,,Pre-monsoon
2023-04-01,2023,4,April,720,720,1.0,54.78,51.05,17.6,117.1,139.25,151.0,83.0,216.0,False,171466990,70815866,100651123,0.4129999949261371,0.5869999992418365,0.67,6.1,Annual context values repeated across months in the same year. | Uploaded workbook: /mnt/data/AIDS_BD_2000_2024.xlsx,,,Pre-monsoon
2023-05-01,2023,5,May,744,744,1.0,42.9,34.9,9.3,131.8,113.15,97.0,64.0,200.0,False,171466990,70815866,100651123,0.4129999949261371,0.5869999992418365,0.67,6.1,Annual context values repeated across months in the same year. | Uploaded workbook: /mnt/data/AIDS_BD_2000_2024.xlsx,,,Pre-monsoon
2023-06-01,2023,6,June,720,720,1.0,27.53,21.95,3.2,91.5,83.94,73.5,29.0,207.0,False,171466990,70815866,100651123,0.4129999949261371,0.5869999992418365,0.67,6.1,Annual context values repeated across months in the same year. | Uploaded workbook: /mnt/data/AIDS_BD_2000_2024.xlsx,,,Monsoon
2023-07-01,2023,7,July,744,744,1.0,11.8,10.0,3.9,66.1,44.48,41.0,25.0,116.0,False,171466990,70815866,100651123,0.4129999949261371,0.5869999992418365,0.67,6.1,Annual context values repeated across months in the same year. | Uploaded workbook: /mnt/data/AIDS_BD_2000_2024.xlsx,,,Monsoon
2023-08-01,2023,8,August,744,744,1.0,31.82,26.55,2.2,138.8,89.55,81.0,30.0,190.0,False,171466990,70815866,100651123,0.4129999949261371,0.5869999992418365,0.67,6.1,Annual context values repeated across months in the same year. | Uploaded workbook: /mnt/data/AIDS_BD_2000_2024.xlsx,,,Monsoon
2023-09-01,2023,9,September,720,720,1.0,23.83,16.35,2.8,113.6,77.59,62.0,31.0,203.0,False,171466990,70815866,100651123,0.4129999949261371,0.5869999992418365,0.67,6.1,Annual context values repeated across months in the same year. | Uploaded workbook: /mnt/data/AIDS_BD_2000_2024.xlsx,,,Monsoon
2023-10-01,2023,10,October,744,744,1.0,51.36,49.15,4.4,139.7,124.05,147.0,32.0,209.0,False,171466990,70815866,100651123,0.4129999949261371,0.5869999992418365,0.67,6.1,Annual context values repeated across months in the same year. | Uploaded workbook: /mnt/data/AIDS_BD_2000_2024.xlsx,,,Post-monsoon
2023-11-01,2023,11,November,720,720,1.0,57.4,53.1,9.9,128.5,137.91,144.0,50.0,174.0,False,171466990,70815866,100651123,0.4129999949261371,0.5869999992418365,0.67,6.1,Annual context values repeated across months in the same year. | Uploaded workbook: /mnt/data/AIDS_BD_2000_2024.xlsx,,,Post-monsoon
2023-12-01,2023,12,December,744,744,1.0,57.55,53.95,16.5,143.9,137.67,148.0,81.0,182.0,False,171466990,70815866,100651123,0.4129999949261371,0.5869999992418365,0.67,6.1,Annual context values repeated across months in the same year. | Uploaded workbook: /mnt/data/AIDS_BD_2000_2024.xlsx,,,Winter
2024-01-01,2024,1,January,744,744,1.0,76.36,73.3,29.9,151.8,158.74,160.0,107.0,184.0,False,174701211,69999802,104701409,0.4006829809554096,0.5993170190445903,0.67,18.7,Annual context values repeated across months in the same year. | Uploaded workbook: /mnt/data/AIDS_BD_2000_2024.xlsx,,,Winter
2024-02-01,2024,2,February,696,696,1.0,70.44,68.1,20.6,146.7,154.66,158.0,82.0,192.0,False,174701211,69999802,104701409,0.4006829809554096,0.5993170190445903,0.67,18.7,Annual context values repeated across months in the same year. | Uploaded workbook: /mnt/data/AIDS_BD_2000_2024.xlsx,,,Winter
2024-03-01,2024,3,March,744,744,1.0,56.48,53.1,9.4,139.7,141.18,150.0,88.0,206.0,False,174701211,69999802,104701409,0.4006829809554096,0.5993170190445903,0.67,18.7,Annual context values repeated across months in the same year. | Uploaded workbook: /mnt/data/AIDS_BD_2000_2024.xlsx,,,Pre-monsoon
2024-04-01,2024,4,April,720,720,1.0,46.07,39.55,13.8,107.8,125.1,111.0,75.0,231.0,False,174701211,69999802,104701409,0.4006829809554096,0.5993170190445903,0.67,18.7,Annual context values repeated across months in the same year. | Uploaded workbook: /mnt/data/AIDS_BD_2000_2024.xlsx,,,Pre-monsoon
2024-05-01,2024,5,May,744,744,1.0,32.79,29.9,4.4,86.8,99.01,91.0,39.0,203.0,False,174701211,69999802,104701409,0.4006829809554096,0.5993170190445903,0.67,18.7,Annual context values repeated across months in the same year. | Uploaded workbook: /mnt/data/AIDS_BD_2000_2024.xlsx,,,Pre-monsoon
2024-06-01,2024,6,June,720,720,1.0,25.53,23.3,4.8,93.4,79.64,77.0,33.0,152.0,False,174701211,69999802,104701409,0.4006829809554096,0.5993170190445903,0.67,18.7,Annual context values repeated across months in the same year. | Uploaded workbook: /mnt/data/AIDS_BD_2000_2024.xlsx,,,Monsoon
2024-07-01,2024,7,July,744,744,1.0,12.5,11.7,3.8,40.4,48.48,50.0,29.0,75.0,False,174701211,69999802,104701409,0.4006829809554096,0.5993170190445903,0.67,18.7,Annual context values repeated across months in the same year. | Uploaded workbook: /mnt/data/AIDS_BD_2000_2024.xlsx,,,Monsoon
2024-08-01,2024,8,August,744,744,1.0,14.13,13.2,3.0,41.4,53.29,54.0,33.0,72.0,False,174701211,69999802,104701409,0.4006829809554096,0.5993170190445903,0.67,18.7,Annual context values repeated across months in the same year. | Uploaded workbook: /mnt/data/AIDS_BD_2000_2024.xlsx,,,Monsoon
2024-09-01,2024,9,September,720,720,1.0,26.33,18.6,1.9,116.2,80.62,67.0,29.0,214.0,False,174701211,69999802,104701409,0.4006829809554096,0.5993170190445903,0.67,18.7,Annual context values repeated across months in the same year. | Uploaded workbook: /mnt/data/AIDS_BD_2000_2024.xlsx,,,Monsoon
2024-10-01,2024,10,October,744,744,1.0,50.83,45.3,7.9,142.5,123.54,130.0,53.0,223.0,False,174701211,69999802,104701409,0.4006829809554096,0.5993170190445903,0.67,18.7,Annual context values repeated across months in the same year. | Uploaded workbook: /mnt/data/AIDS_BD_2000_2024.xlsx,,,Post-monsoon
2024-11-01,2024,11,November,720,720,1.0,74.85,72.05,16.9,187.2,153.4,160.0,76.0,207.0,False,174701211,69999802,104701409,0.4006829809554096,0.5993170190445903,0.67,18.7,Annual context values repeated across months in the same year. | Uploaded workbook: /mnt/data/AIDS_BD_2000_2024.xlsx,,,Post-monsoon
2024-12-01,2024,12,December,744,744,1.0,86.71,87.1,17.3,206.8,162.72,166.0,93.0,194.0,False,174701211,69999802,104701409,0.4006829809554096,0.5993170190445903,0.67,18.7,Annual context values repeated across months in the same year. | Uploaded workbook: /mnt/data/AIDS_BD_2000_2024.xlsx,,,Winter
2025-01-01,2025,1,January,744,744,1.0,108.39,100.0,24.4,252.4,179.67,172.0,156.0,238.0,False,175686899,74837709,100849190,0.425972052702689,0.574027947297311,0.685,21.2,HDI kept at 0.685 exactly. 2025 population uses Worldometer. December 2025 AQI remains partial. | 2025 population via Worldometer: https://www.worldometers.info/world-population/bangladesh-population/ | 2025 HDI via UNDP: https://hdr.undp.org/data-center/country-insights | 2025 poverty estimate via World Bank: https://blogs.worldbank.org/en/endpovertyinsouthasia/going-beyond-growth--how-bangladesh-can-tackle-poverty-and-inequ,,,Winter
2025-02-01,2025,2,February,672,672,1.0,99.75,94.4,24.6,248.7,173.19,171.0,154.0,226.0,False,175686899,74837709,100849190,0.425972052702689,0.574027947297311,0.685,21.2,HDI kept at 0.685 exactly. 2025 population uses Worldometer. December 2025 AQI remains partial. | 2025 population via Worldometer: https://www.worldometers.info/world-population/bangladesh-population/ | 2025 HDI via UNDP: https://hdr.undp.org/data-center/country-insights | 2025 poverty estimate via World Bank: https://blogs.worldbank.org/en/endpovertyinsouthasia/going-beyond-growth--how-bangladesh-can-tackle-poverty-and-inequ,,,Winter
2025-03-01,2025,3,March,744,744,1.0,55.55,50.1,16.9,151.3,142.1,150.0,85.0,213.0,False,175686899,74837709,100849190,0.425972052702689,0.574027947297311,0.685,21.2,HDI kept at 0.685 exactly. 2025 population uses Worldometer. December 2025 AQI remains partial. | 2025 population via Worldometer: https://www.worldometers.info/world-population/bangladesh-population/ | 2025 HDI via UNDP: https://hdr.undp.org/data-center/country-insights | 2025 poverty estimate via World Bank: https://blogs.worldbank.org/en/endpovertyinsouthasia/going-beyond-growth--how-bangladesh-can-tackle-poverty-and-inequ,,,Pre-monsoon
2025-04-01,2025,4,April,720,720,1.0,37.99,36.9,9.0,117.3,111.37,111.5,59.0,216.0,False,175686899,74837709,100849190,0.425972052702689,0.574027947297311,0.685,21.2,HDI kept at 0.685 exactly. 2025 population uses Worldometer. December 2025 AQI remains partial. | 2025 population via Worldometer: https://www.worldometers.info/world-population/bangladesh-population/ | 2025 HDI via UNDP: https://hdr.undp.org/data-center/country-insights | 2025 poverty estimate via World Bank: https://blogs.worldbank.org/en/endpovertyinsouthasia/going-beyond-growth--how-bangladesh-can-tackle-poverty-and-inequ,,,Pre-monsoon
2025-05-01,2025,5,May,744,744,1.0,31.38,26.75,4.6,84.3,98.97,90.0,29.0,217.0,False,175686899,74837709,100849190,0.425972052702689,0.574027947297311,0.685,21.2,HDI kept at 0.685 exactly. 2025 population uses Worldometer. December 2025 AQI remains partial. | 2025 population via Worldometer: https://www.worldometers.info/world-population/bangladesh-population/ | 2025 HDI via UNDP: https://hdr.undp.org/data-center/country-insights | 2025 poverty estimate via World Bank: https://blogs.worldbank.org/en/endpovertyinsouthasia/going-beyond-growth--how-bangladesh-can-tackle-poverty-and-inequ,,,Pre-monsoon
2025-06-01,2025,6,June,720,720,1.0,25.63,20.4,6.1,115.5,79.85,73.0,40.0,173.0,False,175686899,74837709,100849190,0.425972052702689,0.574027947297311,0.685,21.2,HDI kept at 0.685 exactly. 2025 population uses Worldometer. December 2025 AQI remains partial. | 2025 population via Worldometer: https://www.worldometers.info/world-population/bangladesh-population/ | 2025 HDI via UNDP: https://hdr.undp.org/data-center/country-insights | 2025 poverty estimate via World Bank: https://blogs.worldbank.org/en/endpovertyinsouthasia/going-beyond-growth--how-bangladesh-can-tackle-poverty-and-inequ,,,Monsoon
2025-07-01,2025,7,July,744,744,1.0,18.92,16.65,3.2,99.4,64.05,60.0,26.0,130.0,False,175686899,74837709,100849190,0.425972052702689,0.574027947297311,0.685,21.2,HDI kept at 0.685 exactly. 2025 population uses Worldometer. December 2025 AQI remains partial. | 2025 population via Worldometer: https://www.worldometers.info/world-population/bangladesh-population/ | 2025 HDI via UNDP: https://hdr.undp.org/data-center/country-insights | 2025 poverty estimate via World Bank: https://blogs.worldbank.org/en/endpovertyinsouthasia/going-beyond-growth--how-bangladesh-can-tackle-poverty-and-inequ,,,Monsoon
2025-08-01,2025,8,August,744,744,1.0,19.16,16.8,3.4,61.2,63.43,62.0,32.0,136.0,False,175686899,74837709,100849190,0.425972052702689,0.574027947297311,0.685,21.2,HDI kept at 0.685 exactly. 2025 population uses Worldometer. December 2025 AQI remains partial. | 2025 population via Worldometer: https://www.worldometers.info/world-population/bangladesh-population/ | 2025 HDI via UNDP: https://hdr.undp.org/data-center/country-insights | 2025 poverty estimate via World Bank: https://blogs.worldbank.org/en/endpovertyinsouthasia/going-beyond-growth--how-bangladesh-can-tackle-poverty-and-inequ,,,Monsoon
2025-09-01,2025,9,September,720,720,1.0,26.8,22.5,4.5,115.9,82.84,72.0,40.0,181.0,False,175686899,74837709,100849190,0.425972052702689,0.574027947297311,0.685,21.2,HDI kept at 0.685 exactly. 2025 population uses Worldometer. December 2025 AQI remains partial. | 2025 population via Worldometer: https://www.worldometers.info/world-population/bangladesh-population/ | 2025 HDI via UNDP: https://hdr.undp.org/data-center/country-insights | 2025 poverty estimate via World Bank: https://blogs.worldbank.org/en/endpovertyinsouthasia/going-beyond-growth--how-bangladesh-can-tackle-poverty-and-inequ,,,Monsoon
2025-10-01,2025,10,October,744,744,1.0,48.42,40.25,6.1,162.5,121.43,137.5,41.0,194.0,False,175686899,74837709,100849190,0.425972052702689,0.574027947297311,0.685,21.2,HDI kept at 0.685 exactly. 2025 population uses Worldometer. December 2025 AQI remains partial. | 2025 population via Worldometer: https://www.worldometers.info/world-population/bangladesh-population/ | 2025 HDI via UNDP: https://hdr.undp.org/data-center/country-insights | 2025 poverty estimate via World Bank: https://blogs.worldbank.org/en/endpovertyinsouthasia/going-beyond-growth--how-bangladesh-can-tackle-poverty-and-inequ,,,Post-monsoon
2025-11-01,2025,11,November,552,720,0.77,58.87,56.75,12.4,140.6,138.29,148.0,80.0,167.0,True,175686899,74837709,100849190,0.425972052702689,0.574027947297311,0.685,21.2,HDI kept at 0.685 exactly. 2025 population uses Worldometer. December 2025 AQI remains partial. | 2025 population via Worldometer: https://www.worldometers.info/world-population/bangladesh-population/ | 2025 HDI via UNDP: https://hdr.undp.org/data-center/country-insights | 2025 poverty estimate via World Bank: https://blogs.worldbank.org/en/endpovertyinsouthasia/going-beyond-growth--how-bangladesh-can-tackle-poverty-and-inequ,,,Post-monsoon
2025-12-01,2025,12,December,0,744,0.0,92.75,90.45,36.72,227.01,177.11,175.5,104.0,304.0,True,175686899,74837709,100849190,0.425972052702689,0.574027947297311,0.685,21.2,"Estimated web-supported fill. Because no complete December 2025 hourly series was available in the workbook, AQI mean/median were estimated from the December 2025 daily-category mix reported by AQI.IN (Poor 5 days, Unhealthy 22 days, Severe 4 days) using category midpoints; AQI min anchored at 104 from the public search snippet; AQI max kept at 304 from the user-provided value. PM2.5 fields were derived from AQI using US EPA / Bangladesh DoE breakpoint mapping. hourly_observations and coverage remain 0 because this row is not reconstructed from an hourly dataset. | https://www.iqair.com/us/newsroom/december-23-2025-dhaka-among-top-10-most-polluted-cities-in-the-world | https://www.iqair.com/us/newsroom/dhaka-among-top-10-most-polluted-cities-in-the-world-12-9-2025 | https://www.jagonews24.com/en/national/news/87807 | https://en.somoynews.tv/news/2025-12-29/QNYFL29F | https://www.newagebd.net/post/environment-climate-change/285956/dhaka-becomes-3rd-most-polluted-city-with-aqi-score-of-252 | https://www.aqi.in/dashboard/bangladesh/dhaka/dhaka/historical-analysis | HDI kept at 0.685 exactly. 2025 population uses Worldometer. December 2025 AQI remains partial. | 2025 population via Worldometer: https://www.worldometers.info/world-population/bangladesh-population/ | 2025 HDI via UNDP: https://hdr.undp.org/data-center/country-insights | 2025 poverty estimate via World Bank: https://blogs.worldbank.org/en/endpovertyinsouthasia/going-beyond-growth--how-bangladesh-can-tackle-poverty-and-inequ",,,Winter
